product,offers,purchases,conversion_rate,avg_offered_price,avg_sold_price,revenue,revenue_share,scenario,relative_cr_uplift,extra_purchases,extra_revenue,new_conversion_rate
BAGGAGE,500999,26292,0.0524791466649634,12.329491381232497,14.931843311528219,392588.0243467,0.6796385037043547,conservative,0.03,788.76,11777.640730400997,0.054053521064912305
PET,373662,4351,0.011644213219433605,22.16778170969994,21.7316892134222,94554.5797676,0.16369050792770543,conservative,0.03,130.53,2836.6373930279997,0.011993539616016614
SPECIAL EQUIPMENT,298377,1918,0.006428109405215549,21.376909935440064,22.651036284671534,43444.687594,0.07521034937177268,conservative,0.03,57.54,1303.34062782,0.0066209526873720155
BAGGAGE,500999,26292,0.0524791466649634,12.329491381232497,14.931843311528219,392588.0243467,0.6796385037043547,base,0.07,1840.4400000000003,27481.161704269,0.05615268693151084
PET,373662,4351,0.011644213219433605,22.16778170969994,21.7316892134222,94554.5797676,0.16369050792770543,base,0.07,304.57000000000005,6618.820583732,0.012459308144793959
SPECIAL EQUIPMENT,298377,1918,0.006428109405215549,21.376909935440064,22.651036284671534,43444.687594,0.07521034937177268,base,0.07,134.26000000000002,3041.1281315800006,0.006878077063580638
BAGGAGE,500999,26292,0.0524791466649634,12.329491381232497,14.931843311528219,392588.0243467,0.6796385037043547,upside,0.12,3155.04,47110.56292160399,0.058776644264759016
PET,373662,4351,0.011644213219433605,22.16778170969994,21.7316892134222,94554.5797676,0.16369050792770543,upside,0.12,522.12,11346.549572111999,0.01304151880576564
SPECIAL EQUIPMENT,298377,1918,0.006428109405215549,21.376909935440064,22.651036284671534,43444.687594,0.07521034937177268,upside,0.12,230.16,5213.36251128,0.007199482533841416
